{"cameraMode":{"drawMode":0,"name":"Shaded","section":"Shading Mode"},"sceneLighting":false,"audioPlay":false,"sceneViewState":{"m_AlwaysRefresh":true,"showFog":true,"showSkybox":false,"showFlares":true,"showImageEffects":true,"showParticleSystems":true,"showVisualEffectGraphs":true,"m_FxEnabled":false},"in2DMode":false,"pivot":{"x":-0.061514079570770267,"y":0.21594589948654176,"z":0.13562756776809693},"rotation":{"x":-0.17986758053302766,"y":-0.6258571147918701,"z":0.15137486159801484,"w":-0.743665874004364},"size":0.8317175507545471,"orthographic":false}